,Sample,P_kbar,T_K,SiO2_Liq,TiO2_Liq,Al2O3_Liq,FeOt_Liq,MgO_Liq,CaO_Liq,Na2O_Liq,K2O_Liq,P2O5_Liq,H2O_Liq,S_Liq_ppm,logfO2,Fe_sulf_wt%,Cu_sulf_wt%,Ni_sulf_wt%,S_sulf_wt,Fe_FeNiCu_sulf,Cu_FeNiCu_sulf,Ni_FeNiCu_sulf,T_C
0,MAF-45,10.0,1523,58.0,0.79,15.26,7.72,1.88,5.43,3.52,1.73,0.36,7.3,1265,-8.87,,,,,,,,1249.85
1,MAF-38,10.0,1523,58.3,0.82,15.39,7.66,1.88,5.42,3.65,1.87,0.37,4.6,1167,-8.87,,,,,,,,1249.85
2,MAF-36,10.0,1523,58.5,0.78,15.42,7.65,1.9,5.41,3.74,1.92,0.38,4.1,1094,-8.87,,,,,,,,1249.85
3,MAF-32,10.0,1523,58.9,0.8,15.62,7.86,1.92,5.54,3.97,1.97,0.38,4.4,776,-8.87,,,,,,,,1249.85
4,MAF-28,10.0,1523,59.1,0.8,15.91,8.51,1.97,5.67,4.06,1.97,0.39,0.0,707,-8.87,,,,,,,,1249.85
5,MAF-34,10.0,1523,59.0,0.79,15.64,7.83,1.93,5.54,3.91,1.94,0.38,2.1,615,-8.87,,,,,,,,1249.85
6,MAF-44,10.0,1523,72.6,0.1,12.32,0.97,0.0,0.97,0.08,0.06,0.0,4.2,595,-8.87,,,,,,,,1249.85
7,MAF-39,10.0,1523,73.9,0.1,12.56,0.81,0.0,0.81,0.08,0.07,0.0,3.4,480,-8.87,,,,,,,,1249.85
8,MAF-31,10.0,1523,75.3,0.11,12.87,0.67,0.0,0.67,0.07,0.06,0.0,0.0,222,-8.87,,,,,,,,1249.85
9,MAF-33,10.0,1523,75.0,0.11,12.8,0.85,0.0,0.85,0.07,0.07,0.0,0.0,181,-8.87,,,,,,,,1249.85
10,MAF-27,10.0,1523,75.7,0.12,12.94,0.67,0.0,0.67,0.09,0.06,0.0,0.0,181,-8.87,,,,,,,,1249.85
11,MAF-35,10.0,1523,75.7,0.12,13.0,0.59,0.0,0.59,0.07,0.07,0.0,0.0,143,-8.87,,,,,,,,1249.85
12,MAF-12,10.0,1523,49.6,1.33,14.9,8.08,8.59,11.29,2.25,0.09,0.09,5.9,1765,-8.87,,,,,,,,1249.85
13,MAF-15,10.0,1523,48.9,1.31,14.7,9.59,8.79,11.28,2.32,0.09,0.1,2.8,1409,-8.87,,,,,,,,1249.85
14,MAF-9,10.0,1523,50.2,1.26,15.4,9.03,9.05,11.5,2.39,0.1,0.1,2.6,1248,-8.87,,,,,,,,1249.85
15,MAF-7,10.0,1523,49.8,1.31,15.8,10.1,8.58,11.24,2.48,0.09,0.11,0.7,1246,-8.87,,,,,,,,1249.85
16,MAF-19,10.0,1523,49.7,1.41,16.1,10.3,7.85,10.85,2.65,0.1,0.11,0.0,1218,-8.87,,,,,,,,1249.85
17,MAF-4,10.0,1523,49.9,1.38,16.6,10.5,7.77,10.79,2.71,0.12,0.12,0.9,1180,-8.87,,,,,,,,1249.85
18,GS-13,10.0,1723,48.4,2.65,16.0,7.57,6.06,11.19,2.45,1.01,0.68,0.0,2800,-7.34,,,,,,,,1449.85
19,GS-17,10.0,1723,49.9,2.72,16.51,6.42,6.65,11.7,3.21,0.95,0.73,0.0,2060,-7.34,,,,,,,,1449.85
20,GS-2,10.0,1673,51.6,2.87,17.0,1.42,6.85,12.58,3.43,1.04,0.73,0.0,1770,-7.68,,,,,,,,1399.85
21,GS-15,10.0,1573,49.9,2.72,16.32,6.91,6.75,11.84,3.12,0.9,0.7,0.0,1490,-8.43,,,,,,,,1299.85
22,GS-18,10.0,1573,49.4,2.75,16.13,5.87,6.65,11.59,2.99,0.95,0.68,0.0,1460,-8.43,,,,,,,,1299.85
23,GS-3,10.0,1673,52.6,2.8,17.35,0.1,6.79,12.86,3.25,0.95,0.75,0.0,1240,-7.68,,,,,,,,1399.85
24,STE-7,10.0,1498,48.8,4.04,17.14,5.39,6.25,10.34,3.57,1.6,1.24,0.0,525,-9.09,,,,,,,,1224.85
25,S8,2.0,1473,45.9,1.58,14.53,10.01,9.61,9.34,3.04,1.72,0.49,1.7,3000,-7.8,,,,,,,,1199.85
26,S2,2.0,1473,47.0,1.63,14.96,9.02,9.85,9.67,3.07,1.77,0.55,1.7,2200,-6.8,,,,,,,,1199.85
27,0_15_2red,1.9300000000000002,1323,46.7,1.67,16.05,7.72,5.56,10.31,3.5,1.84,0.51,5.9,1200,-9.7,,,,,,,,1049.85
28,cent100,0.001,1473,40.0,4.84,8.02,23.42,7.61,10.93,1.78,0.94,0.67,0.0,5136,-7.4,,,,,,,,1199.85
29,cent92,0.001,1473,40.7,4.92,8.19,21.97,8.01,11.09,1.58,0.89,0.77,0.0,4605,-8.83,,,,,,,,1199.85
30,cent91,0.001,1473,42.6,5.31,8.58,18.61,7.61,11.89,1.49,0.77,0.83,0.0,3798,-9.25,,,,,,,,1199.85
31,cent108,0.002,1473,44.7,5.09,8.48,17.84,8.94,11.34,1.49,0.77,0.51,0.0,3349,-7.83,,,,,,,,1199.85
32,Ir1e,9.0,1573,46.6,1.49,12.63,21.13,7.06,8.33,2.42,0.0,0.0,0.0,3089,-8.56,,,,,,,,1299.85
33,cent81,0.001,1473,45.6,5.26,8.56,15.85,8.93,11.72,1.46,0.68,0.86,0.0,2932,-9.51,,,,,,,,1199.85
34,Hpsulf7e,9.0,1473,46.4,1.77,13.72,21.32,5.05,8.44,2.88,0.0,0.0,0.0,2820,-9.49,,,,,,,,1199.85
35,cent98,0.001,1473,46.5,5.39,8.57,13.79,8.74,11.91,1.63,1.01,0.71,0.0,2716,-9.65,,,,,,,,1199.85
36,cent83,0.001,1473,48.4,5.56,8.75,11.78,9.19,11.96,1.59,0.93,0.87,0.0,2267,-8.45,,,,,,,,1199.85
37,cent87,0.001,1473,47.5,5.56,8.89,11.27,9.51,12.09,1.78,1.07,0.83,0.0,2104,-8.46,,,,,,,,1199.85
38,fO2#4e,0.001,1473,50.7,1.79,14.93,11.94,9.06,9.45,1.87,0.0,0.0,0.0,1947,-8.5,,,,,,,,1199.85
39,Hpsulf26e,15.0,1523,47.7,1.59,13.48,18.96,5.69,8.12,0.13,0.0,0.0,0.0,1916,-8.2,,,,,,,,1249.85
40,Hpsulf27e,15.0,1473,48.6,1.68,14.22,17.56,4.75,7.89,1.98,0.0,0.0,0.0,1797,-8.53,,,,,,,,1199.85
41,cent109,0.002,1473,49.6,5.69,8.74,9.97,9.73,11.99,1.79,1.06,0.63,0.0,1778,-8.37,,,,,,,,1199.85
42,cent95,0.001,1473,50.4,5.59,9.34,8.18,9.82,12.03,1.49,0.99,0.92,0.0,1615,-8.89,,,,,,,,1199.85
43,cent85,0.001,1473,51.7,6.09,9.57,5.89,9.76,12.15,1.79,1.13,0.98,0.0,1284,-7.72,,,,,,,,1199.85
44,cent89,0.001,1473,50.9,6.33,10.39,4.76,11.02,12.77,1.09,0.58,0.99,0.0,1256,-7.83,,,,,,,,1199.85
45,Hpsulf30,15.0,1523,50.8,1.79,14.67,10.75,6.19,8.83,2.66,0.0,0.0,0.0,912,-8.2,,,,,,,,1249.85
46,Hpsulf19,15.0,1473,51.5,1.92,15.46,11.71,4.57,7.99,2.98,0.0,0.0,0.0,768,-8.53,,,,,,,,1199.85
47,Hpsulf46,15.0,1473,54.6,1.91,15.24,3.91,6.35,8.49,1.88,0.0,0.0,0.0,726,-8.53,,,,,,,,1199.85
48,B152,10.0,1873,48.5,0.36,6.1,14.3,20.9,6.9,0.54,0.04,0.15,1.1,5540,-6.4,,,,,,,,1599.85
49,B163,10.0,1873,46.5,0.65,10.0,16.4,9.23,12.9,1.78,0.17,0.55,0.1,5000,-6.4,,,,,,,,1599.85
50,B159,10.0,1873,50.9,0.4,6.02,15.0,18.4,6.96,0.47,0.05,0.16,0.0,4800,-6.4,,,,,,,,1599.85
51,B188,20.0,1973,46.7,0.53,10.77,17.3,9.58,13.55,1.62,0.16,0.59,0.0,4800,-4.99,,,,,,,,1699.85
52,B167,15.0,1873,45.6,0.5,10.9,17.0,9.3,13.0,1.65,0.15,0.56,0.0,4800,-5.95,,,,,,,,1599.85
53,B197,10.0,1873,49.0,0.63,8.3,15.7,9.92,13.35,1.87,0.15,0.46,1.7,4700,-6.4,,,,,,,,1599.85
54,B181,10.0,1873,47.5,0.63,9.9,12.1,11.0,15.6,1.78,0.18,0.48,0.0,4700,-6.4,,,,,,,,1599.85
55,B186,20.0,1923,46.0,0.63,10.7,17.7,9.5,13.4,1.7,0.17,0.58,0.0,4600,-5.23,,,,,,,,1649.85
56,B165,20.0,1873,45.3,0.51,10.59,16.4,9.6,13.5,1.69,0.16,0.56,0.0,4200,-5.49,,,,,,,,1599.85
57,B160,15.0,1873,49.5,0.38,6.2,13.4,20.6,7.5,0.45,0.03,0.17,0.0,4100,-5.95,,,,,,,,1599.85
58,B161,20.0,1873,49.8,0.52,5.8,17.0,19.6,6.6,0.53,0.03,0.17,0.0,3800,-5.49,,,,,,,,1599.85
59,B164,25.0,1873,45.9,0.49,10.6,15.8,9.9,13.89,1.64,0.16,0.59,0.0,3700,-7.34,,,,,,,,1599.85
60,B190,20.0,1823,47.3,0.6,9.68,17.4,9.07,13.04,1.71,0.16,0.52,0.0,3600,-5.76,,,,,,,,1549.85
61,B162,25.0,1873,48.9,0.47,7.1,17.1,17.2,7.63,0.6,0.05,0.19,0.0,3500,-7.34,,,,,,,,1599.85
62,MA38,40.0,1873,46.6,0.6,9.55,13.9,11.5,13.7,1.43,0.14,0.52,0.0,3400,-3.66,,,,,,,,1599.85
63,MA36,50.0,1923,44.8,0.48,10.3,13.5,12.4,14.6,1.4,0.13,0.58,0.0,3400,-2.57,,,,,,,,1649.85
64,B189,20.0,1773,45.8,0.55,11.3,16.5,9.9,13.71,1.67,0.16,0.62,0.0,3300,-6.04,,,,,,,,1499.85
65,B191,30.0,1873,45.6,0.47,11.4,15.7,10.7,14.79,1.63,0.16,0.63,0.0,3000,-4.58,,,,,,,,1599.85
66,MA37,50.0,1873,45.6,0.55,11.3,14.4,11.5,14.1,1.44,0.18,0.61,0.0,2800,-2.75,,,,,,,,1599.85
67,8F1,0.001,1473,41.8,1.51,15.65,26.24,3.68,7.24,1.66,1.23,0.0,0.0,2690,-9.64,,,,,,,,1199.85
68,9F2,0.001,1473,43.8,1.61,17.13,22.19,3.94,7.31,2.55,1.12,0.0,0.0,2320,-8.86,,,,,,,,1199.85
69,10F2,0.001,1473,44.8,1.66,17.79,18.97,4.4,7.8,2.32,1.15,0.0,0.0,2190,-8.95,,,,,,,,1199.85
70,14F2,0.001,1473,38.9,1.57,22.46,17.92,5.11,8.5,2.93,1.12,0.0,0.0,1950,-10.35,,,,,,,,1199.85
71,7F1,0.001,1473,44.0,1.69,19.26,18.69,4.58,7.5,2.4,1.2,0.0,0.0,1880,-9.41,,,,,,,,1199.85
72,13F1,0.001,1473,46.3,1.86,18.54,15.43,3.96,6.96,3.83,1.55,0.0,0.0,1790,-9.4,,,,,,,,1199.85
73,13F1,0.001,1473,47.5,1.8,17.16,15.19,5.71,8.47,2.91,1.61,0.0,0.0,1620,-11.08,,,,,,,,1199.85
74,11F2,0.001,1473,45.1,1.78,19.81,16.41,5.74,7.31,2.64,0.94,0.0,0.0,1580,-9.31,,,,,,,,1199.85
75,9F1,0.001,1473,44.1,1.7,20.96,15.81,5.11,6.94,3.54,1.32,0.0,0.0,1350,-9.31,,,,,,,,1199.85
76,2F2,0.001,1473,46.0,1.93,22.89,13.83,5.19,6.85,2.35,0.85,0.0,0.0,1260,-9.01,,,,,,,,1199.85
77,2F1,0.001,1473,49.2,0.0,19.68,12.45,5.83,8.08,2.24,0.81,0.0,0.0,1070,-9.17,,,,,,,,1199.85
78,6F1,0.001,1473,48.0,1.95,17.09,14.17,6.39,7.25,2.61,1.21,0.0,0.0,1040,-9.08,,,,,,,,1199.85
79,31F1,0.001,1473,52.0,2.06,16.22,10.55,6.63,8.11,2.4,1.25,0.0,0.0,810,-9.3,,,,,,,,1199.85
80,1F2,0.001,1473,49.2,1.93,19.18,12.8,6.04,7.82,2.56,0.88,0.0,0.0,800,-8.9,,,,,,,,1199.85
81,3F1,0.001,1473,49.2,1.97,20.53,11.82,5.7,7.86,2.08,1.08,0.0,0.0,770,-9.46,,,,,,,,1199.85
82,4F1,0.001,1473,52.5,2.12,16.2,9.74,6.04,8.54,2.46,1.13,0.0,0.0,710,-9.73,,,,,,,,1199.85
83,1F1,0.001,1473,53.9,2.12,20.06,6.51,6.24,8.73,1.81,0.88,0.0,0.0,480,-10.2,,,,,,,,1199.85
84,12F1,0.001,1473,53.1,2.52,20.93,5.28,8.27,6.27,2.81,1.58,0.0,0.0,450,-11.08,,,,,,,,1199.85
85,11F1,0.001,1473,54.7,2.21,20.31,3.11,7.8,7.66,3.5,4.64,0.0,0.0,430,-11.08,,,,,,,,1199.85
86,FeS-SSKOM-14,9.0,1773,51.0,0.37,10.1,17.2,10.5,8.99,0.16,0.04,0.0,0.0,3320,-9.52,,,,,,,,1499.85
87,FeS-SSKOM-26,10.0,1773,50.6,0.28,9.3,10.6,19.9,8.09,0.21,0.05,0.0,0.0,3270,-9.99,,,,,,,,1499.85
88,FeS-BK-4,10.0,1873,47.8,0.0,11.1,11.2,11.8,17.1,0.0,0.0,0.0,0.0,2960,-9.08,,,,,,,,1599.85
89,FeS-SSKOM-25,10.0,1773,50.0,0.25,8.55,12.8,20.7,7.09,0.19,0.04,0.0,0.0,2910,-9.89,,,,,,,,1499.85
90,FeS-BK-13,10.0,1873,42.2,0.0,13.4,12.6,22.1,8.72,0.0,0.0,0.0,0.0,2870,-8.98,,,,,,,,1599.85
91,FeS-BK-8,10.0,1798,46.4,0.0,10.1,9.27,19.7,14.0,0.0,0.0,0.0,0.0,2660,-9.88,,,,,,,,1524.85
92,FeS-SSKOM-15,14.0,1773,49.2,0.29,9.77,14.0,17.8,8.16,0.09,0.04,0.0,0.0,2390,-9.67,,,,,,,,1499.85
93,FeS-SSKOM-12,10.0,1723,50.4,0.27,8.36,12.3,19.8,7.97,0.0,0.03,0.0,0.0,2300,-10.33,,,,,,,,1449.85
94,FeS-SSKOM-11,10.0,1723,50.8,0.27,8.77,12.8,17.9,8.51,0.06,0.03,0.0,0.0,2230,-10.33,,,,,,,,1449.85
95,FeS-AD-1,10.0,1723,46.3,0.0,12.0,7.06,17.2,16.5,0.0,0.0,0.0,0.0,2170,-10.73,,,,,,,,1449.85
96,FeS-SSKOM-16,20.0,1773,47.0,0.56,14.2,12.5,9.65,13.9,0.31,0.1,0.0,0.0,2150,-9.48,,,,,,,,1499.85
97,FeS-I-10-08-1,10.0,1723,50.8,2.12,7.79,8.37,14.5,4.16,0.73,8.39,0.0,0.0,2130,-10.63,,,,,,,,1449.85
98,FeS-SSKOM-17,25.0,1773,50.8,0.13,6.95,8.93,22.2,10.0,0.05,0.0,0.0,0.0,2060,-9.73,,,,,,,,1499.85
99,FeS-BK-9,10.0,1723,47.0,0.0,10.6,8.63,16.4,16.7,0.0,0.0,0.0,0.0,2050,-10.53,,,,,,,,1449.85
100,FeS-SSKOM-6,10.0,1723,50.8,0.33,10.5,9.23,18.4,10.2,0.23,0.05,0.0,0.0,2030,-10.53,,,,,,,,1449.85
101,FeS-SSKOM-7,10.0,1723,50.3,0.36,11.1,9.86,16.8,10.4,0.27,0.05,0.0,0.0,1990,-10.53,,,,,,,,1449.85
102,FeS-SSKOM-27,20.0,1773,47.1,0.5,14.5,9.87,12.6,13.3,0.24,0.08,0.0,0.0,1940,-9.68,,,,,,,,1499.85
103,FeS-SSKOM-5,10.0,1723,49.7,0.4,12.1,8.76,16.5,11.8,0.29,0.05,0.0,0.0,1910,-10.63,,,,,,,,1449.85
104,FeS-SSKOM-2,16.0,1723,46.0,0.62,14.9,13.5,11.5,12.0,0.03,0.17,0.0,0.0,1850,-10.14,,,,,,,,1449.85
105,FeS-BK12,10.0,1673,44.8,0.0,17.8,11.9,6.25,17.6,0.0,0.0,0.0,0.0,1810,-10.7,,,,,,,,1399.85
106,FeS-SSKOM-1,15.0,1698,46.0,1.01,16.2,13.5,8.52,13.1,0.66,0.3,0.0,0.0,1780,-10.4,,,,,,,,1424.85
107,FeS-SSKOM-24,27.0,1773,47.7,0.21,14.6,6.11,22.4,8.47,0.14,0.0,0.0,0.0,1740,-9.96,,,,,,,,1499.85
108,FeS-SSKOM-13,10.0,1723,53.0,0.34,10.8,7.78,17.9,10.1,0.04,0.04,0.0,0.0,1730,-10.73,,,,,,,,1449.85
109,R-FeS-SSKOM-23,24.0,1773,50.0,0.21,9.66,5.92,22.6,10.8,0.24,0.0,0.0,0.0,1610,-10.16,,,,,,,,1499.85
110,FeS-85-41c-1,10.0,1723,51.7,0.56,13.5,7.93,13.8,8.15,3.17,0.77,0.0,0.0,1500,-10.63,,,,,,,,1449.85
111,FSOs-15-7,14.0,1643,50.5,0.08,20.2,7.89,6.9,10.1,4.46,0.16,0.0,0.0,1260,-11.46,,,,,,,,1369.85
112,FSOs-15-6,14.0,1643,50.1,1.07,19.9,7.02,5.22,7.48,6.38,0.84,0.0,0.0,750,-11.56,,,,,,,,1369.85
113,11,16.0,1628,47.6,0.69,17.9,7.8,12.6,11.0,2.2,0.0,0.0,0.0,1600,-7.39,,,,,,,,1354.85
114,52B,10.0,1573,47.1,0.7,17.7,8.7,11.9,10.8,2.21,0.0,0.0,0.0,1600,-8.85,,,,,,,,1299.85
115,35B,12.0,1588,48.0,0.61,18.4,5.1,12.6,11.5,1.78,0.0,0.0,0.0,1500,-8.11,,,,,,,,1314.85
116,7,16.0,1628,47.5,0.72,18.0,8.3,11.5,10.9,2.4,0.0,0.0,0.0,1500,-7.39,,,,,,,,1354.85
117,5,16.0,1628,47.9,0.74,18.3,7.9,11.5,11.4,2.4,0.0,0.0,0.0,1400,-7.39,,,,,,,,1354.85
118,4,16.0,1628,47.7,0.72,18.2,8.2,11.4,11.1,2.4,0.0,0.0,0.0,1400,-7.39,,,,,,,,1354.85
119,12,16.0,1628,47.7,0.72,18.5,8.2,10.9,11.3,2.5,0.0,0.0,0.0,1400,-7.39,,,,,,,,1354.85
120,2,16.0,1628,47.4,0.73,18.1,8.6,11.2,11.0,2.4,0.0,0.0,0.0,1400,-7.39,,,,,,,,1354.85
121,3,16.0,1628,47.9,0.68,18.2,7.0,12.1,11.4,2.3,0.0,0.0,0.0,1300,-7.39,,,,,,,,1354.85
122,54A,10.0,1573,50.1,0.71,17.4,5.2,11.6,11.9,2.6,0.0,0.0,0.0,1100,-8.02,,,,,,,,1299.85
123,54B,10.0,1573,50.1,0.73,18.0,5.3,11.1,11.6,2.52,0.0,0.0,0.0,1100,-8.06,,,,,,,,1299.85
124,27,11.0,1588,49.0,0.67,18.3,4.9,11.9,12.1,2.6,0.0,0.0,0.0,1100,-8.22,,,,,,,,1314.85
125,MB3,10.0,1623,50.4,1.24,15.4,9.14,9.12,11.22,2.49,0.0,0.12,0.0,1778,-8.05,,,,,,,,1349.85
126,MB5,10.0,1723,52.9,1.31,16.16,4.4,9.72,12.03,2.52,0.1,0.11,0.0,1770,-7.34,,,,,,,,1449.85
127,MB4,10.0,1673,50.6,1.27,15.51,8.37,9.33,11.38,2.47,0.0,0.1,0.0,1752,-7.68,,,,,,,,1399.85
128,MB1,10.0,1523,50.0,1.28,16.05,9.9,8.48,11.02,2.59,0.0,0.12,0.0,1214,-8.87,,,,,,,,1249.85
129,yn40,10.0,1703,58.5,0.82,15.95,8.24,1.96,5.58,4.07,1.96,0.37,0.0,1070,-7.47,,,,,,,,1429.85
130,yn28,10.0,1623,59.9,0.75,16.24,8.42,2.02,5.3,4.17,1.96,0.36,0.0,1055,-8.06,,,,,,,,1349.85
131,yn18,10.0,1673,60.5,0.79,16.19,7.94,1.97,5.57,4.21,2.01,0.37,0.0,1002,-7.68,,,,,,,,1399.85
132,yn73,10.0,1523,63.2,0.54,17.35,5.2,1.79,5.1,4.27,1.8,0.0,0.0,921,-5.71,,,,,,,,1249.85
133,yn20,10.0,1523,60.0,0.78,16.11,8.24,1.98,5.43,4.13,1.95,0.36,0.0,834,-8.87,,,,,,,,1249.85
134,yn50,10.0,1598,60.2,0.8,16.02,7.83,1.92,5.59,4.19,2.02,0.36,0.0,828,-8.25,,,,,,,,1324.85
135,TS15,10.0,1723,63.6,0.52,17.76,4.68,1.77,5.45,5.84,1.75,0.0,0.0,786,-7.34,,,,,,,,1449.85
136,yn4,10.0,1573,60.0,0.83,15.86,8.06,2.02,5.63,4.06,2.0,0.38,0.0,768,-8.45,,,,,,,,1299.85
137,yn2,10.0,1523,60.3,0.76,16.01,8.01,1.95,5.58,4.13,2.0,0.37,0.0,739,-8.87,,,,,,,,1249.85
138,yn36,10.0,1523,60.1,0.8,16.01,8.3,1.98,5.69,4.08,2.01,0.37,0.0,737,-8.87,,,,,,,,1249.85
139,yn12,5.0,1523,59.6,0.85,15.96,8.4,1.94,5.44,3.93,2.0,0.37,0.0,726,-9.43,,,,,,,,1249.85
140,yn35,10.0,1523,59.3,0.8,15.94,8.25,1.97,5.6,4.05,2.01,0.37,0.0,700,-8.87,,,,,,,,1249.85
141,TS13,10.0,1673,63.7,0.52,17.64,4.77,1.7,5.36,4.45,1.78,0.0,0.0,697,-7.68,,,,,,,,1399.85
142,yn38,5.0,1523,60.6,0.8,16.3,8.23,2.0,5.73,4.0,1.99,0.38,0.0,681,-9.43,,,,,,,,1249.85
143,yn96,10.0,1423,58.2,0.8,16.0,9.14,2.1,5.94,4.03,1.89,0.39,0.0,577,-9.79,,,,,,,,1149.85
144,TS11,10.0,1623,62.1,0.52,17.83,4.59,1.7,5.34,5.91,1.8,0.0,0.0,546,-8.06,,,,,,,,1349.85
145,TS16,10.0,1723,75.7,0.1,13.06,0.79,0.07,0.57,5.27,4.73,0.0,0.0,499,-7.34,,,,,,,,1449.85
146,TS3,10.0,1523,63.4,0.52,17.68,4.59,1.79,5.46,4.43,1.75,0.0,0.0,466,-8.87,,,,,,,,1249.85
147,TS7,10.0,1573,63.2,0.54,17.82,4.95,1.77,5.44,5.17,1.78,0.0,0.0,438,-8.45,,,,,,,,1299.85
148,yn64,10.0,1673,53.1,1.05,18.86,8.77,3.43,7.9,3.98,0.97,0.24,0.0,1968,-7.68,,,,,,,,1399.85
149,TS14,10.0,1673,76.1,0.11,13.03,0.78,0.07,0.57,4.0,4.68,0.0,0.0,323,-7.68,,,,,,,,1399.85
150,TS6,10.0,1523,75.9,0.11,13.03,0.73,0.07,0.57,4.19,4.74,0.0,0.0,172,-8.87,,,,,,,,1249.85
151,TS4,10.0,1523,75.6,0.11,13.03,0.7,0.07,0.56,4.17,4.71,0.0,0.0,155,-8.87,,,,,,,,1249.85
152,TS2,10.0,1523,75.5,0.12,12.93,0.73,0.08,0.55,4.23,4.62,0.0,0.0,144,-8.87,,,,,,,,1249.85
153,yn92,10.0,1423,74.6,0.12,12.75,0.81,0.07,0.56,4.19,4.73,0.0,0.0,96,-9.79,,,,,,,,1149.85
154,yn94,10.0,1423,74.6,0.11,12.89,0.83,0.07,0.53,4.19,4.74,0.0,0.0,80,-9.79,,,,,,,,1149.85
155,MAV34,5.0,1773,47.7,1.77,10.74,12.2,16.87,8.51,1.79,0.34,0.0,0.0,4010,-8.65,,,,,,,,1499.85
156,MAV58A,10.0,2073,47.1,0.9,9.92,15.49,15.18,8.83,1.89,0.37,0.0,0.0,3370,-6.29,,,,,,,,1799.85
157,MAV36,15.0,1773,47.3,1.78,9.48,15.56,15.68,8.45,1.5,0.33,0.0,0.0,3125,-8.34,,,,,,,,1499.85
158,MAV54,5.0,2073,50.2,1.72,17.07,10.71,7.25,9.33,2.64,0.8,0.0,0.0,2955,-6.42,,,,,,,,1799.85
159,MAV42,15.0,1773,48.6,1.64,10.47,11.47,17.01,8.35,1.51,0.34,0.0,0.0,2750,-8.34,,,,,,,,1499.85
160,MAV68,35.0,2073,50.9,1.65,17.23,9.31,7.58,10.15,2.09,0.56,0.0,0.0,1875,-5.63,,,,,,,,1799.85
161,MAV55,40.0,2073,50.6,1.71,17.04,10.88,7.56,9.16,2.92,0.75,0.0,0.0,1855,-5.5,,,,,,,,1799.85
162,MAV32,5.0,1773,50.8,1.81,16.5,8.68,6.84,8.86,2.1,0.68,0.0,0.0,1800,-8.65,,,,,,,,1499.85
163,MAV27,5.0,1673,50.4,1.8,16.92,9.95,7.06,9.66,2.45,0.79,0.0,0.0,1725,-9.56,,,,,,,,1399.85
164,MAV52,40.0,2073,48.9,0.71,10.54,11.57,16.31,9.76,1.71,0.39,0.0,0.0,1650,-5.5,,,,,,,,1799.85
165,MAV65,5.0,1673,52.0,2.13,17.68,8.4,7.3,10.18,1.34,0.97,0.0,0.0,1640,-9.56,,,,,,,,1399.85
166,MAV29,15.0,1773,51.3,1.57,17.62,9.8,7.44,9.29,2.93,0.8,0.0,0.0,1570,-8.34,,,,,,,,1499.85
167,MAV26,15.0,1673,47.6,1.76,17.88,10.17,6.73,9.52,2.71,0.85,0.0,0.0,1380,-9.23,,,,,,,,1399.85
168,MAV64,15.0,1673,51.8,2.5,17.7,8.6,7.3,9.94,1.22,0.9,0.0,0.0,1220,-9.23,,,,,,,,1399.85
169,MAV31,25.0,1773,49.6,0.67,17.21,8.16,7.76,10.55,2.64,0.72,0.0,0.0,880,-8.03,,,,,,,,1499.85
170,MAV45,90.0,2073,49.4,1.66,16.6,6.27,10.39,10.68,2.23,0.6,0.0,0.0,615,-4.17,,,,,,,,1799.85
171,B-12,3.12,1323,43.9,4.69,12.77,14.29,5.57,9.47,2.59,0.57,0.59,6.1,2590,-9.86,,,,,,,,1049.85
172,B-4,2.8899999999999997,1323,44.6,4.54,12.84,13.11,5.47,9.48,2.58,0.57,0.64,5.9,2290,-10.08,,,,,,,,1049.85
173,B-24,2.9899999999999998,1323,48.8,3.25,15.57,12.03,4.66,8.55,3.26,0.69,0.67,2.5,1620,-8.87,,,,,,,,1049.85
174,HK-4,2.9899999999999998,1323,50.1,2.06,13.42,10.11,2.79,6.68,3.71,1.17,1.11,6.4,1610,-9.67,,,,,,,,1049.85
175,HK-5,2.9899999999999998,1323,52.4,2.06,14.05,9.4,2.9,6.53,3.76,1.12,1.11,5.8,1500,-9.67,,,,,,,,1049.85
176,B-23,2.9899999999999998,1323,49.3,3.2,15.48,12.19,4.51,8.58,3.59,0.74,0.69,2.0,1490,-9.17,,,,,,,,1049.85
177,B-17,2.9899999999999998,1323,47.5,3.72,14.71,12.71,4.39,8.97,2.99,0.66,0.65,2.8,1460,-10.07,,,,,,,,1049.85
178,HK-38,2.04,1323,52.2,2.08,14.06,10.74,3.05,6.59,3.67,1.18,1.03,5.2,1300,-9.74,,,,,,,,1049.85
179,B-18,2.9899999999999998,1323,47.8,3.71,14.94,11.46,4.52,8.9,3.26,0.66,0.67,2.6,1260,-10.07,,,,,,,,1049.85
180,HK-39,2.04,1323,52.8,2.18,14.32,9.86,3.12,6.83,3.75,1.22,1.09,4.3,1100,-9.74,,,,,,,,1049.85
181,HK-13,3.04,1323,53.5,2.16,14.5,9.96,3.11,6.88,3.88,1.23,1.15,3.3,870,-10.36,,,,,,,,1049.85
182,HK-33,2.9699999999999998,1323,53.6,2.18,14.4,9.93,3.15,6.96,4.04,1.21,1.05,3.3,860,-9.67,,,,,,,,1049.85
183,HK-14,3.04,1323,53.5,2.19,14.4,9.11,3.1,6.94,3.8,1.23,1.16,3.6,840,-10.26,,,,,,,,1049.85
184,HK-34,2.9699999999999998,1323,53.9,2.16,14.51,9.3,3.16,6.91,3.73,1.22,1.07,3.5,790,-9.57,,,,,,,,1049.85
185,B-11,3.12,1323,44.2,4.67,12.94,12.97,5.43,9.37,2.61,0.59,0.59,6.1,2390,-9.86,,,,,,,,1049.85
186,Ni25,8.0,1723,48.2,0.83,16.14,9.18,10.45,11.98,2.07,0.1,0.0,0.0,1789,-7.53,,,,,,,,1449.85
187,Ni2,8.0,1723,52.1,0.82,18.27,2.82,12.11,12.68,2.14,0.08,0.0,0.0,1642,-7.53,,,,,,,,1449.85
188,Ni27,8.0,1723,54.2,1.55,18.26,2.86,9.05,10.1,2.72,0.64,0.0,0.0,1622,-7.53,,,,,,,,1449.85
189,Ni16,8.0,1723,49.0,1.24,17.49,13.47,7.84,8.39,1.85,0.44,0.0,0.0,1606,-7.53,,,,,,,,1449.85
190,Ni1,8.0,1723,49.5,0.77,17.04,8.18,11.39,11.98,2.12,0.13,0.0,0.0,1601,-7.53,,,,,,,,1449.85
191,Ni13,8.0,1723,55.9,1.63,18.69,0.98,9.98,10.61,1.87,0.53,0.0,0.0,1466,-7.53,,,,,,,,1449.85
192,Ni6,8.0,1723,48.8,0.77,17.02,6.93,10.4,11.82,2.45,0.1,0.0,0.0,1310,-7.53,,,,,,,,1449.85
193,Ni5,8.0,1723,50.9,0.86,17.75,5.07,11.26,12.13,2.27,0.13,0.0,0.0,1300,-7.53,,,,,,,,1449.85
194,Ni20,8.0,1723,56.2,1.62,19.22,2.37,9.04,10.1,1.98,0.53,0.0,0.0,1180,-7.53,,,,,,,,1449.85
195,Ni19,8.0,1723,53.2,1.36,17.76,8.25,8.73,9.3,1.78,0.45,0.0,0.0,1049,-7.53,,,,,,,,1449.85
196,Irll,8.0,1723,48.5,0.73,16.43,8.84,10.42,11.85,2.23,0.11,0.0,0.0,2390,-7.53,,,,,,,,1449.85
197,Pd13,8.0,1723,48.2,1.42,15.85,13.85,8.19,8.72,2.29,0.51,0.0,0.0,2390,-7.53,,,,,,,,1449.85
198,lr19,8.0,1723,48.6,1.45,15.92,14.03,8.11,8.63,2.14,0.52,0.0,0.0,2280,-7.53,,,,,,,,1449.85
199,lr20,8.0,1723,48.3,1.46,16.01,13.83,8.2,8.69,2.07,0.47,0.0,0.0,2070,-7.53,,,,,,,,1449.85
200,Pd14,8.0,1723,47.9,1.48,15.95,13.58,8.34,8.96,2.32,0.47,0.0,0.0,1950,-7.53,,,,,,,,1449.85
201,lr7,8.0,1723,48.5,0.74,16.46,8.62,10.49,12.02,2.15,0.09,0.0,0.0,1860,-7.53,,,,,,,,1449.85
202,lr17,8.0,1723,51.0,1.53,16.97,9.23,8.65,9.21,2.23,0.48,0.0,0.0,1790,-7.53,,,,,,,,1449.85
203,CP52,8.0,1723,48.7,0.75,15.94,7.9,10.97,11.92,2.48,0.08,0.0,0.0,1770,-7.53,,,,,,,,1449.85
204,CP53,8.0,1723,47.9,0.71,16.22,8.12,10.32,11.85,2.5,0.08,0.0,0.0,1690,-7.53,,,,,,,,1449.85
205,CP54,8.0,1723,49.1,0.67,18.44,8.19,10.09,11.65,2.61,0.09,0.0,0.0,1590,-7.53,,,,,,,,1449.85
206,Ir21,8.0,1723,52.4,1.52,17.2,8.32,8.71,9.23,2.22,0.48,0.0,0.0,1550,-7.53,,,,,,,,1449.85
207,Pd8,8.0,1723,55.7,1.69,17.63,2.5,9.26,10.02,2.5,0.55,0.0,0.0,1540,-7.53,,,,,,,,1449.85
208,Irl3,8.0,1723,54.2,1.62,17.2,2.48,8.88,9.94,2.65,0.63,0.0,0.0,1490,-7.53,,,,,,,,1449.85
209,1r24,8.0,1723,52.0,1.28,17.64,8.06,7.88,9.0,2.16,0.51,0.0,0.0,1490,-7.53,,,,,,,,1449.85
210,Ir12,8.0,1723,54.8,1.49,17.42,2.58,8.95,9.79,2.63,0.67,0.0,0.0,1450,-7.53,,,,,,,,1449.85
211,PdlO,8.0,1723,54.4,1.62,17.55,4.6,9.09,9.86,2.56,0.52,0.0,0.0,1410,-7.53,,,,,,,,1449.85
212,Pdll,8.0,1723,51.1,1.54,17.15,8.77,8.67,9.34,2.49,0.51,0.0,0.0,1290,-7.53,,,,,,,,1449.85
213,Irl8,8.0,1723,51.1,1.52,17.12,8.86,8.58,9.21,2.41,0.53,0.0,0.0,1280,-7.53,,,,,,,,1449.85
214,Irl4,8.0,1723,55.4,1.66,17.51,2.45,9.34,9.99,2.36,0.53,0.0,0.0,1240,-7.53,,,,,,,,1449.85
215,Irl5,8.0,1723,54.0,1.63,17.63,4.72,9.38,10.01,2.29,0.48,0.0,0.0,1180,-7.53,,,,,,,,1449.85
216,Pd7,8.0,1723,55.5,1.7,17.55,2.5,9.36,9.96,2.41,0.58,0.0,0.0,1160,-7.53,,,,,,,,1449.85
217,lrl6,8.0,1723,54.5,1.64,17.36,4.61,9.19,9.76,2.2,0.52,0.0,0.0,1080,-7.53,,,,,,,,1449.85
218,Pd9,8.0,1723,54.5,1.66,17.43,4.55,9.12,9.79,2.22,0.54,0.0,0.0,970,-7.53,,,,,,,,1449.85
219,SS9,0.001,1473,36.6,0.58,13.29,32.78,6.06,7.28,0.82,0.1,0.54,0.0,6420,-11.96,,,,,,,,1199.85
220,20,8.0,1573,45.3,1.44,8.1,27.77,3.1,8.36,2.34,0.46,1.11,0.0,5540,-7.45,,,,,,,,1299.85
221,6,8.0,1723,52.4,0.76,4.6,17.17,10.2,10.76,1.48,0.3,0.63,0.0,5230,-6.17,,,,,,,,1449.85
222,SS3,0.001,1523,38.8,0.85,17.7,29.8,3.2,6.7,1.2,0.14,0.28,0.0,5000,-11.34,,,,,,,,1249.85
223,SS7,0.001,1573,37.7,0.65,18.7,26.4,6.1,7.23,0.88,0.14,0.49,0.0,4500,-10.77,,,,,,,,1299.85
224,13,8.0,1673,51.1,0.61,4.6,15.09,12.4,11.84,1.11,0.13,0.61,0.0,3330,-6.57,,,,,,,,1399.85
225,16,8.0,1623,53.0,0.78,5.8,13.99,11.8,11.0,1.16,0.19,0.63,0.0,3210,-7.0,,,,,,,,1349.85
226,21,8.0,1573,49.5,0.66,7.6,18.07,9.2,11.78,1.18,0.2,0.64,0.0,3170,-7.45,,,,,,,,1299.85
227,5–6,8.0,1773,54.1,1.2,4.96,9.3,20.33,7.44,1.82,0.32,0.74,0.0,2970,-6.19,,,,,,,,1499.85
228,29,8.0,1773,54.9,1.78,6.02,17.23,6.31,9.08,1.63,0.41,0.77,0.0,2830,-5.79,,,,,,,,1499.85
229,7,8.0,1673,51.8,0.6,5.0,5.74,18.9,14.01,1.18,0.18,0.7,0.0,2630,-6.97,,,,,,,,1399.85
230,4,8.0,1723,49.4,0.96,7.4,8.23,17.7,13.12,0.89,0.17,0.64,0.0,2430,-6.57,,,,,,,,1449.85
231,8,8.0,1623,50.2,0.77,7.8,4.27,16.5,15.26,1.44,0.27,1.17,0.0,2250,-7.4,,,,,,,,1349.85
232,5–3,8.0,1773,53.9,1.05,5.01,10.92,22.39,5.96,0.97,0.23,0.78,0.0,2220,-6.19,,,,,,,,1499.85
233,SS6,0.001,1523,44.4,0.81,19.2,15.37,8.1,8.84,1.14,0.24,0.65,0.0,2010,-11.34,,,,,,,,1249.85
234,PGE1b,10.0,1603,52.1,1.8,14.55,10.09,8.12,9.18,2.75,0.0,0.0,0.0,1430,-9.5,,,,,,,,1329.85
235,PGE1d,10.0,1603,50.7,1.78,14.07,10.75,7.59,9.05,3.78,0.0,0.0,0.0,1320,-9.2,,,,,,,,1329.85
236,PGE1c,10.0,1603,51.9,1.92,14.25,9.82,8.04,9.38,2.57,0.0,0.0,0.0,1220,-9.2,,,,,,,,1329.85
237,IPRe4,10.0,1603,52.3,1.73,15.21,10.17,7.97,9.11,2.75,0.0,0.0,0.0,930,-8.9,,,,,,,,1329.85
